hour,from,to,number of people
0,1,1,35
0,1,2,8
0,1,3,3
0,1,5,2
0,1,11,2
0,1,12,18
0,1,18,4
0,1,14,2
0,1,50,1
0,2,1,8
0,2,2,4
0,2,3,1
0,2,12,7
0,2,50,1
0,2,18,1
0,3,1,6
0,3,2,1
0,3,3,2
0,3,14,1
0,4,18,1
0,4,12,1
0,5,1,3
0,5,2,1
0,5,12,2
0,5,5,1
0,6,1,1
0,7,2,1
0,7,3,1
0,7,18,1
0,11,1,4
0,11,2,1
0,11,12,3
0,11,5,2
0,11,7,1
0,12,1,60
0,12,2,2
0,12,3,1
0,12,12,8
0,12,18,5
0,12,14,1
0,12,16,2
0,12,50,1
0,18,1,23
0,18,2,4
0,18,3,1
0,18,4,2
0,18,5,1
0,18,7,2
0,18,11,4
0,18,12,20
0,18,50,1
0,18,14,1
0,18,18,5
0,14,1,4
0,14,14,1
0,15,15,2
0,16,1,7
0,16,12,1
0,50,1,2
0,50,18,1
1,1,1,17
1,1,2,1
1,1,3,2
1,1,5,1
1,1,11,1
1,1,12,5
1,1,18,3
1,1,50,2
1,2,1,2
1,2,18,3
1,2,12,4
1,3,1,5
1,3,2,1
1,3,3,2
1,3,12,1
1,4,1,1
1,4,18,1
1,5,1,1
1,5,12,1
1,7,2,1
1,11,1,1
1,11,12,4
1,12,1,30
1,12,3,1
1,12,5,2
1,12,12,6
1,12,50,1
1,12,14,1
1,12,18,4
1,13,12,1
1,15,15,1
1,16,12,1
1,50,18,1
1,18,1,14
1,18,2,4
1,18,3,1
1,18,4,2
1,18,5,1
1,18,7,1
1,18,11,3
1,18,12,4
1,18,13,1
1,18,14,1
1,18,18,5
2,1,1,16
2,1,2,2
2,1,3,2
2,1,5,1
2,1,6,1
2,1,11,2
2,1,12,9
2,1,14,1
2,1,18,11
2,2,1,3
2,2,18,2
2,2,11,4
2,2,12,2
2,2,2,1
2,3,1,8
2,3,2,1
2,3,3,5
2,5,5,1
2,7,1,1
2,7,18,1
2,11,1,2
2,11,2,1
2,11,12,3
2,11,5,5
2,12,1,13
2,12,2,2
2,12,5,5
2,12,11,1
2,12,12,3
2,12,50,2
2,12,18,1
2,13,13,1
2,14,1,2
2,15,15,1
2,50,1,1
2,18,1,7
2,18,4,1
2,18,7,1
2,18,11,1
2,18,12,7
2,18,18,1
3,1,1,175
3,1,2,6
3,1,3,2
3,1,5,13
3,1,8,1
3,1,11,4
3,1,12,15
3,1,50,1
3,1,14,1
3,1,13,1
3,1,16,1
3,1,18,13
3,2,1,27
3,2,2,7
3,2,11,2
3,2,12,11
3,2,50,1
3,2,18,2
3,3,1,28
3,3,3,7
3,3,12,1
3,4,1,2
3,5,1,1
3,5,18,1
3,5,12,1
3,5,5,12
3,5,15,1
3,6,1,2
3,7,1,1
3,11,1,9
3,11,2,4
3,11,5,11
3,11,11,2
3,11,12,4
3,11,16,1
3,11,18,1
3,12,1,53
3,12,2,2
3,12,5,12
3,12,11,1
3,12,12,12
3,12,18,1
3,50,1,6
3,50,18,1
3,50,12,1
3,50,50,1
3,14,1,5
3,14,2,1
3,14,12,1
3,14,5,1
3,14,14,2
3,13,12,1
3,13,13,1
3,16,1,2
3,18,1,20
3,18,3,1
3,18,5,10
3,18,12,6
3,18,13,2
3,18,18,4
3,15,15,1
4,1,1,717
4,1,2,319
4,1,3,59
4,1,4,2
4,1,5,29
4,1,16,2
4,1,11,160
4,1,12,133
4,1,13,43
4,1,14,36
4,1,15,2
4,1,50,19
4,1,18,147
4,1,6,1
4,2,1,11
4,2,2,12
4,2,3,2
4,2,5,2
4,2,11,3
4,2,12,14
4,2,14,3
4,2,18,4
4,3,3,5
4,3,1,14
4,3,2,4
4,3,11,1
4,4,4,1
4,5,1,4
4,5,18,6
4,5,11,4
4,5,12,6
4,5,2,1
4,6,1,1
4,7,18,1
4,11,1,8
4,11,2,2
4,11,3,1
4,11,5,1
4,11,11,1
4,11,12,5
4,11,18,2
4,12,1,29
4,12,2,9
4,12,3,1
4,12,5,1
4,12,7,1
4,12,11,12
4,12,12,7
4,12,50,2
4,12,14,1
4,12,18,4
4,13,1,2
4,13,2,2
4,13,18,4
4,13,14,1
4,14,1,3
4,14,2,1
4,14,11,1
4,14,12,2
4,14,14,2
4,15,1,1
4,50,1,4
4,50,2,1
4,50,18,4
4,50,50,1
4,18,1,5
4,18,50,1
4,18,4,1
4,18,5,3
4,18,7,1
4,18,11,1
4,18,12,3
4,18,13,1
4,18,18,3
4,16,1,1
5,1,1,33
5,1,2,125
5,1,3,40
5,1,5,16
5,1,7,2
5,1,11,99
5,1,12,59
5,1,18,210
5,1,14,7
5,1,13,14
5,1,50,13
5,2,1,63
5,2,2,53
5,2,3,12
5,2,5,1
5,2,6,1
5,2,11,42
5,2,12,39
5,2,13,2
5,2,14,2
5,2,16,2
5,2,50,2
5,2,18,34
5,3,1,16
5,3,2,12
5,3,3,9
5,3,11,1
5,3,12,2
5,3,18,4
5,4,1,1
5,4,2,1
5,4,14,1
5,5,11,2
5,5,2,3
5,5,3,2
5,5,12,2
5,5,5,3
5,7,2,1
5,11,1,47
5,11,2,15
5,11,3,5
5,11,5,4
5,11,7,2
5,11,12,23
5,11,18,27
5,11,13,2
5,11,50,3
5,12,1,37
5,12,2,20
5,12,3,3
5,12,4,2
5,12,5,2
5,12,11,6
5,12,12,11
5,12,13,2
5,12,14,1
5,12,50,2
5,12,18,5
5,13,1,18
5,13,2,5
5,13,5,1
5,13,11,4
5,13,12,2
5,13,13,3
5,13,18,1
5,14,1,9
5,14,2,2
5,14,3,1
5,14,5,1
5,14,11,3
5,14,12,4
5,14,50,2
5,14,14,1
5,14,18,2
5,15,1,1
5,50,1,1
5,50,2,2
5,50,4,1
5,50,11,2
5,50,12,3
5,50,18,7
5,18,1,4
5,18,2,6
5,18,3,5
5,18,5,17
5,18,6,1
5,18,7,3
5,18,11,10
5,18,12,8
5,18,13,9
5,18,18,11
6,1,1,48
6,1,2,214
6,1,3,85
6,1,4,3
6,1,5,13
6,1,16,3
6,1,7,4
6,1,11,181
6,1,12,109
6,1,13,12
6,1,14,15
6,1,15,1
6,1,50,16
6,1,18,348
6,2,1,86
6,2,2,115
6,2,3,42
6,2,4,2
6,2,5,8
6,2,6,2
6,2,7,2
6,2,11,87
6,2,12,91
6,2,50,13
6,2,14,3
6,2,13,6
6,2,16,1
6,2,18,87
6,2,15,2
6,3,1,39
6,3,2,30
6,3,3,39
6,3,4,1
6,3,5,4
6,3,7,1
6,3,11,21
6,3,12,18
6,3,50,5
6,3,18,46
6,4,1,1
6,4,50,1
6,4,3,1
6,4,12,2
6,4,5,1
6,5,1,5
6,5,2,8
6,5,3,2
6,5,5,3
6,5,11,2
6,5,13,2
6,5,15,1
6,5,18,12
6,6,1,2
6,7,2,1
6,7,18,1
6,8,1,1
6,8,18,1
6,8,5,1
6,11,1,84
6,11,2,65
6,11,3,7
6,11,4,3
6,11,5,18
6,11,6,2
6,11,7,3
6,11,8,1
6,11,11,7
6,11,12,54
6,11,50,11
6,11,14,4
6,11,13,6
6,11,16,1
6,11,18,75
6,11,15,2
6,12,1,48
6,12,2,43
6,12,3,4
6,12,4,1
6,12,5,5
6,12,6,1
6,12,7,1
6,12,11,30
6,12,12,22
6,12,13,3
6,12,14,8
6,12,50,6
6,12,18,20
6,50,1,4
6,50,2,2
6,50,3,1
6,50,5,2
6,50,11,6
6,50,12,3
6,50,50,1
6,50,14,2
6,50,13,1
6,50,18,23
6,14,1,11
6,14,2,8
6,14,3,3
6,14,11,3
6,14,12,5
6,14,13,1
6,14,14,2
6,14,16,1
6,14,50,3
6,14,18,4
6,13,1,23
6,13,2,7
6,13,3,2
6,13,5,1
6,13,11,10
6,13,12,5
6,13,18,4
6,13,13,7
6,13,50,2
6,16,1,2
6,16,2,1
6,16,13,1
6,18,1,14
6,18,2,7
6,18,3,14
6,18,4,1
6,18,5,29
6,18,6,4
6,18,7,9
6,18,8,2
6,18,9,1
6,18,10,1
6,18,11,20
6,18,12,21
6,18,13,20
6,18,14,6
6,18,15,1
6,18,50,2
6,18,18,28
6,15,1,2
6,15,11,1
6,15,15,1
7,1,1,34
7,1,2,181
7,1,3,44
7,1,4,2
7,1,5,20
7,1,6,2
7,1,7,4
7,1,8,4
7,1,11,207
7,1,12,96
7,1,50,12
7,1,14,12
7,1,15,7
7,1,16,6
7,1,18,339
7,1,13,22
7,2,1,120
7,2,2,162
7,2,3,70
7,2,4,2
7,2,5,14
7,2,6,1
7,2,7,3
7,2,11,177
7,2,12,115
7,2,18,94
7,2,14,6
7,2,13,10
7,2,16,2
7,2,50,21
7,2,15,3
7,3,1,38
7,3,2,49
7,3,3,54
7,3,4,1
7,3,5,8
7,3,7,1
7,3,8,1
7,3,10,1
7,3,11,29
7,3,12,18
7,3,13,4
7,3,14,1
7,3,15,2
7,3,50,11
7,3,18,63
7,4,2,2
7,4,11,1
7,4,50,1
7,5,1,7
7,5,2,4
7,5,3,2
7,5,5,6
7,5,11,5
7,5,12,5
7,5,18,4
7,6,18,1
7,6,11,1
7,6,12,1
7,6,6,1
7,7,2,2
7,7,3,1
7,7,7,1
7,7,11,1
7,7,12,1
7,7,13,2
7,7,18,5
7,8,8,2
7,9,8,1
7,9,7,1
7,11,1,132
7,11,2,115
7,11,3,28
7,11,4,5
7,11,5,13
7,11,6,2
7,11,7,5
7,11,11,8
7,11,12,100
7,11,13,15
7,11,14,5
7,11,15,7
7,11,50,19
7,11,18,100
7,11,16,1
7,12,1,58
7,12,2,62
7,12,3,4
7,12,4,1
7,12,5,4
7,12,16,3
7,12,7,6
7,12,8,2
7,12,11,32
7,12,12,45
7,12,13,7
7,12,14,5
7,12,15,3
7,12,50,7
7,12,18,53
7,12,6,2
7,13,1,19
7,13,2,13
7,13,3,2
7,13,5,3
7,13,7,1
7,13,9,1
7,13,11,16
7,13,12,6
7,13,13,7
7,13,15,1
7,13,16,1
7,13,18,10
7,14,1,13
7,14,2,12
7,14,4,1
7,14,11,2
7,14,12,6
7,14,13,2
7,14,14,5
7,14,50,1
7,14,18,6
7,15,1,2
7,15,18,2
7,15,12,1
7,15,15,2
7,50,1,4
7,50,2,6
7,50,3,3
7,50,4,3
7,50,5,1
7,50,7,2
7,50,11,4
7,50,12,4
7,50,13,2
7,50,14,1
7,50,50,3
7,50,18,28
7,18,1,16
7,18,2,30
7,18,3,16
7,18,4,4
7,18,5,52
7,18,6,3
7,18,7,18
7,18,8,6
7,18,9,1
7,18,10,2
7,18,11,27
7,18,12,35
7,18,13,20
7,18,14,15
7,18,15,5
7,18,50,7
7,18,18,72
7,16,1,4
7,16,2,1
7,16,3,1
7,16,4,1
7,16,7,1
7,16,12,2
7,16,18,2
8,1,16,6
8,1,2,189
8,1,3,31
8,1,1,24
8,1,5,19
8,1,6,4
8,1,7,19
8,1,8,12
8,1,9,2
8,1,11,158
8,1,12,123
8,1,13,14
8,1,14,15
8,1,15,5
8,1,50,11
8,1,18,226
8,1,4,5
8,2,1,110
8,2,2,192
8,2,3,32
8,2,4,7
8,2,5,14
8,2,6,4
8,2,7,15
8,2,8,2
8,2,9,1
8,2,11,171
8,2,12,128
8,2,13,12
8,2,14,5
8,2,15,1
8,2,16,7
8,2,50,5
8,2,18,99
8,50,1,3
8,50,2,12
8,50,3,1
8,50,5,3
8,50,7,1
8,50,8,1
8,50,9,1
8,50,11,1
8,50,12,7
8,50,50,3
8,50,14,4
8,50,13,3
8,50,18,21
8,4,12,3
8,4,18,7
8,4,4,1
8,4,2,2
8,4,7,1
8,5,1,6
8,5,2,10
8,5,3,2
8,5,4,1
8,5,5,10
8,5,7,1
8,5,11,4
8,5,12,4
8,5,50,1
8,5,14,1
8,5,18,16
8,6,1,1
8,6,11,1
8,6,6,2
8,6,14,1
8,7,1,1
8,7,2,5
8,7,7,4
8,7,11,4
8,7,12,3
8,7,18,10
8,8,2,1
8,8,8,2
8,8,11,2
8,8,12,1
8,8,14,1
8,8,18,5
8,9,9,1
8,9,18,1
8,10,10,1
8,10,18,1
8,10,2,1
8,11,1,119
8,11,2,154
8,11,3,21
8,11,4,3
8,11,5,21
8,11,6,4
8,11,7,8
8,11,8,6
8,11,9,1
8,11,11,6
8,11,12,156
8,11,50,12
8,11,14,11
8,11,13,18
8,11,16,8
8,11,18,94
8,11,15,5
8,12,1,57
8,12,2,79
8,12,3,8
8,12,4,6
8,12,5,11
8,12,6,2
8,12,7,8
8,12,8,3
8,12,10,1
8,12,11,49
8,12,12,52
8,12,13,10
8,12,14,7
8,12,15,2
8,12,16,6
8,12,50,10
8,12,18,50
8,13,1,22
8,13,2,12
8,13,50,1
8,13,5,3
8,13,7,3
8,13,11,9
8,13,12,11
8,13,13,4
8,13,18,20
8,14,1,6
8,14,2,4
8,14,3,1
8,14,4,1
8,14,5,1
8,14,7,1
8,14,11,11
8,14,12,4
8,14,50,1
8,14,14,5
8,14,15,2
8,14,16,2
8,14,18,9
8,14,13,2
8,15,1,2
8,15,3,1
8,15,11,2
8,15,12,3
8,15,50,1
8,15,14,2
8,15,15,3
8,15,18,5
8,16,1,10
8,16,2,6
8,16,3,1
8,16,11,2
8,16,12,3
8,16,14,1
8,16,16,1
8,18,1,8
8,18,2,41
8,18,3,12
8,18,4,8
8,18,5,34
8,18,6,9
8,18,7,36
8,18,8,25
8,18,10,1
8,18,11,50
8,18,12,37
8,18,18,68
8,18,14,31
8,18,13,22
8,18,50,1
8,18,15,2
8,3,1,18
8,3,2,35
8,3,3,41
8,3,5,3
8,3,6,1
8,3,7,3
8,3,8,2
8,3,11,28
8,3,12,13
8,3,50,3
8,3,14,3
8,3,13,3
8,3,18,43
8,3,15,1
9,1,1,23
9,1,2,94
9,1,3,26
9,1,4,5
9,1,5,12
9,1,16,9
9,1,7,23
9,1,8,6
9,1,11,74
9,1,12,96
9,1,13,15
9,1,14,17
9,1,15,7
9,1,50,18
9,1,18,169
9,1,6,5
9,2,1,76
9,2,2,208
9,2,3,33
9,2,4,3
9,2,5,7
9,2,6,4
9,2,7,24
9,2,8,6
9,2,9,4
9,2,10,1
9,2,11,150
9,2,12,147
9,2,18,80
9,2,14,8
9,2,15,5
9,2,16,5
9,2,50,13
9,2,13,10
9,3,1,15
9,3,2,27
9,3,3,30
9,3,5,1
9,3,7,10
9,3,11,12
9,3,12,10
9,3,13,6
9,3,14,5
9,3,15,1
9,3,16,2
9,3,50,1
9,3,18,21
9,4,1,1
9,4,2,5
9,4,4,2
9,4,7,1
9,4,11,2
9,4,12,2
9,4,18,6
9,4,14,1
9,4,13,1
9,4,50,2
9,5,1,5
9,5,2,3
9,5,3,3
9,5,5,14
9,5,7,1
9,5,11,4
9,5,12,5
9,5,50,1
9,5,13,2
9,5,16,1
9,5,18,13
9,16,1,6
9,16,2,7
9,16,3,2
9,16,5,1
9,16,11,5
9,16,12,4
9,16,50,1
9,16,16,2
9,16,18,4
9,7,1,2
9,7,2,16
9,7,3,1
9,7,7,9
9,7,11,5
9,7,12,7
9,7,13,1
9,7,15,1
9,7,16,1
9,7,50,1
9,7,18,24
9,8,1,1
9,8,2,2
9,8,5,1
9,8,7,10
9,8,8,7
9,8,11,4
9,8,12,2
9,8,16,1
9,8,18,11
9,9,18,4
9,9,2,1
9,9,13,1
9,9,7,1
9,10,10,1
9,10,18,1
9,10,12,1
9,10,2,1
9,11,1,76
9,11,2,130
9,11,3,19
9,11,4,4
9,11,5,18
9,11,7,21
9,11,8,4
9,11,10,1
9,11,11,2
9,11,12,155
9,11,50,7
9,11,14,6
9,11,15,5
9,11,16,9
9,11,18,81
9,11,13,19
9,12,1,53
9,12,2,98
9,12,3,9
9,12,4,5
9,12,5,10
9,12,6,4
9,12,7,15
9,12,8,2
9,12,11,25
9,12,12,74
9,12,13,13
9,12,14,11
9,12,15,4
9,12,16,8
9,12,50,8
9,12,18,71
9,13,1,15
9,13,2,7
9,13,3,2
9,13,5,2
9,13,6,1
9,13,7,4
9,13,11,15
9,13,12,9
9,13,13,7
9,13,50,1
9,13,18,13
9,14,1,6
9,14,2,12
9,14,3,1
9,14,4,2
9,14,5,1
9,14,7,4
9,14,11,12
9,14,12,6
9,14,14,10
9,14,15,6
9,14,18,12
9,15,1,1
9,15,2,1
9,15,8,1
9,15,12,3
9,15,14,6
9,15,15,5
9,15,18,2
9,50,1,5
9,50,2,5
9,50,7,4
9,50,11,2
9,50,12,6
9,50,18,16
9,50,14,2
9,50,15,1
9,50,50,1
9,50,13,2
9,18,1,13
9,18,2,44
9,18,3,16
9,18,4,10
9,18,5,21
9,18,6,5
9,18,7,94
9,18,8,16
9,18,9,1
9,18,11,49
9,18,12,57
9,18,13,16
9,18,14,41
9,18,15,11
9,18,50,5
9,18,18,73
9,18,16,1
9,6,2,2
9,6,3,1
9,6,6,5
9,6,11,2
9,6,12,4
9,6,13,1
9,6,18,3
10,1,1,20
10,1,2,70
10,1,3,16
10,1,4,6
10,1,5,10
10,1,6,4
10,1,7,23
10,1,8,6
10,1,9,2
10,1,11,36
10,1,12,90
10,1,13,10
10,1,14,7
10,1,15,2
10,1,50,9
10,1,18,101
10,1,16,3
10,2,1,65
10,2,2,186
10,2,3,32
10,2,4,5
10,2,5,8
10,2,6,1
10,2,7,27
10,2,8,2
10,2,9,3
10,2,11,101
10,2,12,122
10,2,50,9
10,2,14,4
10,2,13,9
10,2,16,12
10,2,18,73
10,2,15,3
10,3,1,10
10,3,2,41
10,3,3,20
10,3,5,2
10,3,6,1
10,3,7,5
10,3,11,10
10,3,12,15
10,3,50,4
10,3,14,2
10,3,13,2
10,3,16,3
10,3,18,21
10,4,1,2
10,4,2,3
10,4,4,5
10,4,7,2
10,4,11,2
10,4,12,6
10,4,13,1
10,4,18,4
10,5,1,2
10,5,2,8
10,5,3,1
10,5,5,12
10,5,7,2
10,5,8,1
10,5,11,8
10,5,12,9
10,5,13,2
10,5,15,1
10,5,16,1
10,5,50,1
10,5,18,16
10,6,1,1
10,6,5,1
10,6,6,2
10,6,11,3
10,6,13,2
10,6,18,4
10,7,1,4
10,7,2,44
10,7,3,4
10,7,4,1
10,7,5,1
10,7,7,26
10,7,8,2
10,7,9,1
10,7,11,17
10,7,12,14
10,7,13,3
10,7,15,2
10,7,50,2
10,7,18,51
10,8,2,3
10,8,3,1
10,8,4,2
10,8,6,1
10,8,7,6
10,8,8,6
10,8,11,2
10,8,12,1
10,8,16,1
10,8,18,10
10,9,18,3
10,9,12,1
10,9,2,2
10,9,7,1
10,10,2,1
10,10,11,1
10,10,18,1
10,11,1,39
10,11,2,78
10,11,3,8
10,11,4,3
10,11,5,43
10,11,6,12
10,11,7,13
10,11,8,2
10,11,11,3
10,11,12,92
10,11,13,11
10,11,14,2
10,11,15,1
10,11,16,5
10,11,50,5
10,11,18,63
10,12,1,37
10,12,2,115
10,12,3,12
10,12,4,5
10,12,5,21
10,12,6,8
10,12,7,23
10,12,8,2
10,12,11,35
10,12,12,94
10,12,13,8
10,12,14,14
10,12,15,4
10,12,16,9
10,12,50,8
10,12,18,68
10,13,1,14
10,13,2,15
10,13,3,2
10,13,5,2
10,13,7,4
10,13,11,7
10,13,12,17
10,13,13,4
10,13,15,1
10,13,18,17
10,14,1,4
10,14,2,9
10,14,5,1
10,14,7,3
10,14,11,7
10,14,12,15
10,14,13,1
10,14,14,15
10,14,15,5
10,14,18,20
10,15,1,1
10,15,2,3
10,15,7,2
10,15,11,3
10,15,12,1
10,15,13,1
10,15,14,5
10,15,15,7
10,15,18,11
10,16,1,9
10,16,2,8
10,16,3,2
10,16,7,1
10,16,11,2
10,16,12,7
10,16,50,2
10,16,13,1
10,16,16,2
10,16,18,7
10,50,1,2
10,50,2,7
10,50,4,1
10,50,5,4
10,50,7,3
10,50,8,1
10,50,11,5
10,50,12,8
10,50,13,2
10,50,14,4
10,50,16,1
10,50,18,11
10,18,1,20
10,18,2,82
10,18,3,28
10,18,4,15
10,18,5,20
10,18,6,9
10,18,7,128
10,18,8,21
10,18,9,5
10,18,10,2
10,18,11,64
10,18,12,94
10,18,50,8
10,18,14,42
10,18,13,20
10,18,16,2
10,18,18,80
10,18,15,10
11,1,1,8
11,1,2,57
11,1,50,6
11,1,4,5
11,1,5,3
11,1,6,1
11,1,7,18
11,1,9,1
11,1,11,50
11,1,12,47
11,1,13,3
11,1,14,5
11,1,15,1
11,1,16,5
11,1,18,70
11,1,3,9
11,2,1,44
11,2,2,179
11,2,3,26
11,2,4,7
11,2,5,11
11,2,16,4
11,2,7,25
11,2,8,2
11,2,9,1
11,2,11,188
11,2,12,121
11,2,13,7
11,2,14,5
11,2,15,4
11,2,50,16
11,2,18,68
11,2,6,5
11,3,1,6
11,3,2,20
11,3,3,36
11,3,7,8
11,3,11,19
11,3,12,12
11,3,50,2
11,3,14,2
11,3,13,1
11,3,18,19
11,4,2,5
11,4,4,2
11,4,7,4
11,4,11,7
11,4,12,4
11,4,18,9
11,5,1,6
11,5,2,5
11,5,3,1
11,5,5,14
11,5,7,3
11,5,8,2
11,5,11,22
11,5,12,10
11,5,13,1
11,5,14,1
11,5,16,1
11,5,18,13
11,6,1,2
11,6,2,3
11,6,50,1
11,6,6,3
11,6,7,3
11,6,11,5
11,6,12,3
11,6,13,1
11,6,16,1
11,6,18,4
11,7,1,6
11,7,2,42
11,7,3,3
11,7,4,1
11,7,5,1
11,7,7,34
11,7,8,1
11,7,9,1
11,7,11,32
11,7,12,22
11,7,13,2
11,7,14,1
11,7,16,1
11,7,50,2
11,7,18,65
11,8,2,5
11,8,7,7
11,8,8,3
11,8,11,5
11,8,12,2
11,8,13,1
11,8,15,1
11,8,16,1
11,8,18,8
11,9,1,1
11,9,18,6
11,9,11,4
11,9,7,1
11,10,18,2
11,10,12,1
11,11,1,36
11,11,2,66
11,11,3,9
11,11,4,6
11,11,5,153
11,11,6,14
11,11,7,15
11,11,8,5
11,11,9,1
11,11,11,4
11,11,12,116
11,11,50,7
11,11,14,4
11,11,15,4
11,11,16,7
11,11,18,72
11,11,13,11
11,12,1,33
11,12,2,95
11,12,3,9
11,12,4,6
11,12,5,25
11,12,6,2
11,12,7,22
11,12,8,5
11,12,10,1
11,12,11,95
11,12,12,75
11,12,13,13
11,12,14,13
11,12,15,1
11,12,16,6
11,12,50,4
11,12,18,74
11,50,1,3
11,50,2,7
11,50,5,3
11,50,6,1
11,50,7,3
11,50,11,10
11,50,12,10
11,50,18,8
11,50,15,1
11,50,16,1
11,50,50,1
11,14,1,1
11,14,2,5
11,14,3,1
11,14,5,1
11,14,7,2
11,14,11,13
11,14,12,10
11,14,14,9
11,14,15,3
11,14,18,25
11,13,1,7
11,13,2,13
11,13,3,3
11,13,5,4
11,13,7,4
11,13,11,26
11,13,12,10
11,13,50,3
11,13,13,4
11,13,16,1
11,13,18,9
11,16,1,5
11,16,2,11
11,16,50,1
11,16,5,3
11,16,8,1
11,16,11,7
11,16,12,11
11,16,13,1
11,16,15,1
11,16,16,2
11,16,18,7
11,18,1,20
11,18,2,100
11,18,50,11
11,18,4,15
11,18,5,22
11,18,6,8
11,18,7,141
11,18,8,16
11,18,9,4
11,18,10,1
11,18,11,216
11,18,12,78
11,18,13,20
11,18,14,23
11,18,15,9
11,18,16,1
11,18,18,110
11,18,3,33
11,15,1,1
11,15,2,2
11,15,3,2
11,15,7,1
11,15,11,4
11,15,12,4
11,15,50,1
11,15,14,2
11,15,15,8
11,15,18,10
11,15,13,2
12,1,1,11
12,1,2,36
12,1,50,1
12,1,4,2
12,1,5,2
12,1,6,2
12,1,7,13
12,1,8,2
12,1,11,31
12,1,12,43
12,1,13,6
12,1,14,1
12,1,16,2
12,1,18,68
12,1,3,6
12,2,1,48
12,2,2,164
12,2,3,32
12,2,4,6
12,2,5,5
12,2,6,1
12,2,7,21
12,2,8,3
12,2,9,2
12,2,11,157
12,2,12,119
12,2,13,7
12,2,14,4
12,2,15,3
12,2,16,10
12,2,50,11
12,2,18,63
12,3,1,6
12,3,2,26
12,3,3,28
12,3,5,2
12,3,16,2
12,3,7,8
12,3,8,2
12,3,11,18
12,3,12,8
12,3,13,1
12,3,15,1
12,3,50,1
12,3,18,23
12,4,2,2
12,4,4,3
12,4,6,1
12,4,7,2
12,4,11,5
12,4,12,5
12,4,13,1
12,4,18,12
12,5,2,8
12,5,3,1
12,5,5,13
12,5,7,2
12,5,8,1
12,5,11,13
12,5,12,8
12,5,13,2
12,5,14,1
12,5,16,2
12,5,18,20
12,6,1,1
12,6,2,2
12,6,5,1
12,6,6,5
12,6,11,4
12,6,12,2
12,6,18,3
12,7,1,5
12,7,2,52
12,7,3,5
12,7,4,4
12,7,5,2
12,7,6,2
12,7,7,31
12,7,9,1
12,7,11,36
12,7,12,15
12,7,13,1
12,7,15,1
12,7,16,2
12,7,50,1
12,7,18,71
12,8,1,1
12,8,2,2
12,8,3,1
12,8,6,1
12,8,7,2
12,8,8,2
12,8,9,3
12,8,11,2
12,8,12,1
12,8,18,15
12,9,16,1
12,9,2,1
12,9,10,1
12,10,18,1
12,11,1,67
12,11,2,140
12,11,3,26
12,11,4,6
12,11,5,255
12,11,6,22
12,11,7,33
12,11,8,4
12,11,10,2
12,11,11,4
12,11,12,195
12,11,50,13
12,11,14,3
12,11,15,9
12,11,16,7
12,11,18,121
12,11,13,23
12,12,1,27
12,12,2,69
12,12,3,12
12,12,4,6
12,12,5,30
12,12,6,8
12,12,7,9
12,12,8,1
12,12,9,2
12,12,11,82
12,12,12,76
12,12,13,11
12,12,14,1
12,12,15,2
12,12,16,7
12,12,50,4
12,12,18,77
12,50,1,2
12,50,2,8
12,50,3,1
12,50,5,5
12,50,6,1
12,50,7,4
12,50,8,1
12,50,11,9
12,50,12,6
12,50,18,5
12,50,16,1
12,50,50,2
12,14,1,2
12,14,2,7
12,14,3,1
12,14,6,1
12,14,7,4
12,14,11,13
12,14,12,13
12,14,14,3
12,14,15,2
12,14,18,8
12,13,1,4
12,13,2,7
12,13,3,2
12,13,5,1
12,13,6,1
12,13,7,3
12,13,8,1
12,13,11,7
12,13,12,9
12,13,50,2
12,13,14,2
12,13,13,2
12,13,16,1
12,13,18,11
12,16,1,3
12,16,2,5
12,16,3,1
12,16,5,2
12,16,7,2
12,16,11,2
12,16,12,10
12,16,18,10
12,16,50,1
12,18,1,39
12,18,2,119
12,18,3,35
12,18,4,23
12,18,5,28
12,18,6,5
12,18,7,159
12,18,8,19
12,18,9,5
12,18,10,2
12,18,11,274
12,18,12,126
12,18,13,28
12,18,14,10
12,18,15,8
12,18,50,14
12,18,18,164
12,18,16,3
12,15,1,2
12,15,2,3
12,15,5,1
12,15,11,5
12,15,12,3
12,15,50,1
12,15,15,7
12,15,18,10
13,1,1,16
13,1,2,29
13,1,3,4
13,1,4,2
13,1,5,8
13,1,7,5
13,1,8,3
13,1,9,1
13,1,11,19
13,1,12,47
13,1,13,3
13,1,14,4
13,1,15,1
13,1,16,5
13,1,50,5
13,1,18,56
13,2,1,40
13,2,2,135
13,2,3,27
13,2,4,5
13,2,5,12
13,2,6,3
13,2,7,23
13,2,8,3
13,2,9,2
13,2,11,97
13,2,12,127
13,2,50,5
13,2,15,1
13,2,16,4
13,2,18,73
13,2,13,5
13,3,1,10
13,3,2,20
13,3,3,19
13,3,5,3
13,3,7,9
13,3,11,9
13,3,12,16
13,3,13,5
13,3,14,1
13,3,50,1
13,3,18,28
13,4,1,1
13,4,2,11
13,4,3,1
13,4,4,6
13,4,7,1
13,4,11,3
13,4,12,15
13,4,18,6
13,5,1,5
13,5,2,6
13,5,3,3
13,5,4,1
13,5,5,9
13,5,7,1
13,5,8,1
13,5,9,1
13,5,11,9
13,5,12,24
13,5,13,2
13,5,15,1
13,5,16,1
13,5,50,1
13,5,18,17
13,6,1,2
13,6,2,2
13,6,6,7
13,6,7,1
13,6,11,2
13,6,12,2
13,6,50,2
13,6,15,1
13,6,18,9
13,6,13,1
13,7,1,5
13,7,2,44
13,7,3,3
13,7,4,1
13,7,5,3
13,7,7,31
13,7,9,1
13,7,11,24
13,7,12,29
13,7,13,1
13,7,16,2
13,7,50,2
13,7,18,74
13,8,1,1
13,8,2,1
13,8,3,2
13,8,4,1
13,8,7,1
13,8,8,4
13,8,11,4
13,8,12,1
13,8,16,1
13,8,18,8
13,9,18,4
13,9,11,1
13,9,12,3
13,9,2,2
13,9,7,2
13,10,18,2
13,10,2,1
13,10,7,1
13,11,1,44
13,11,2,105
13,11,3,15
13,11,4,5
13,11,5,97
13,11,6,6
13,11,7,42
13,11,8,3
13,11,9,3
13,11,11,2
13,11,12,151
13,11,13,13
13,11,14,3
13,11,15,4
13,11,16,6
13,11,50,5
13,11,18,91
13,12,1,48
13,12,2,71
13,12,3,17
13,12,4,5
13,12,5,22
13,12,16,7
13,12,7,18
13,12,8,4
13,12,9,1
13,12,11,32
13,12,12,88
13,12,13,15
13,12,14,2
13,12,15,2
13,12,50,7
13,12,18,83
13,12,6,2
13,50,1,1
13,50,2,7
13,50,3,3
13,50,5,2
13,50,7,2
13,50,8,1
13,50,11,3
13,50,12,4
13,50,18,9
13,50,13,1
13,50,50,2
13,14,1,1
13,14,3,2
13,14,7,3
13,14,11,4
13,14,12,5
13,14,14,2
13,14,18,8
13,13,1,7
13,13,2,7
13,13,3,5
13,13,4,1
13,13,5,4
13,13,7,4
13,13,8,1
13,13,11,10
13,13,12,10
13,13,13,2
13,13,18,12
13,16,1,1
13,16,2,13
13,16,5,1
13,16,7,2
13,16,11,2
13,16,12,11
13,16,50,1
13,16,15,1
13,16,16,4
13,16,18,2
13,18,1,41
13,18,2,109
13,18,3,35
13,18,4,12
13,18,5,25
13,18,6,4
13,18,7,148
13,18,8,20
13,18,9,2
13,18,10,3
13,18,11,151
13,18,12,128
13,18,13,18
13,18,14,11
13,18,15,9
13,18,16,6
13,18,50,10
13,18,18,135
13,15,2,2
13,15,3,1
13,15,5,1
13,15,7,3
13,15,11,3
13,15,12,1
13,15,15,7
13,15,18,5
14,1,1,10
14,1,2,45
14,1,3,18
14,1,4,1
14,1,5,1
14,1,6,2
14,1,7,7
14,1,8,2
14,1,11,14
14,1,12,66
14,1,13,4
14,1,14,2
14,1,16,3
14,1,50,3
14,1,18,57
14,2,1,42
14,2,2,144
14,2,3,33
14,2,4,5
14,2,5,9
14,2,6,4
14,2,7,15
14,2,8,3
14,2,9,1
14,2,11,55
14,2,12,136
14,2,50,8
14,2,15,2
14,2,16,13
14,2,18,55
14,2,13,6
14,3,1,9
14,3,2,25
14,3,3,26
14,3,5,3
14,3,6,3
14,3,7,8
14,3,11,7
14,3,12,17
14,3,50,2
14,3,14,1
14,3,13,3
14,3,18,16
14,4,2,2
14,4,4,5
14,4,7,3
14,4,11,5
14,4,12,6
14,4,50,1
14,4,18,6
14,5,1,5
14,5,2,3
14,5,3,8
14,5,5,13
14,5,7,5
14,5,11,2
14,5,12,15
14,5,13,5
14,5,14,1
14,5,15,1
14,5,18,26
14,6,1,1
14,6,3,1
14,6,6,4
14,6,7,1
14,6,11,1
14,6,12,2
14,6,13,1
14,6,18,5
14,7,1,6
14,7,2,44
14,7,3,6
14,7,4,3
14,7,5,3
14,7,7,33
14,7,8,3
14,7,9,2
14,7,11,19
14,7,12,30
14,7,13,2
14,7,14,1
14,7,16,2
14,7,50,1
14,7,18,82
14,8,1,1
14,8,2,1
14,8,5,1
14,8,7,9
14,8,8,3
14,8,10,1
14,8,11,2
14,8,12,2
14,8,18,13
14,9,2,1
14,9,4,1
14,9,7,1
14,9,12,2
14,9,16,1
14,9,18,3
14,10,2,1
14,10,18,1
14,10,7,1
14,11,1,27
14,11,2,51
14,11,3,12
14,11,4,7
14,11,5,49
14,11,6,1
14,11,7,31
14,11,8,1
14,11,11,3
14,11,12,91
14,11,18,73
14,11,13,6
14,11,16,4
14,11,50,7
14,12,1,62
14,12,2,100
14,12,3,25
14,12,4,9
14,12,5,44
14,12,6,3
14,12,7,20
14,12,8,7
14,12,11,31
14,12,12,97
14,12,13,13
14,12,14,4
14,12,15,2
14,12,16,12
14,12,50,10
14,12,18,84
14,50,1,6
14,50,2,5
14,50,3,2
14,50,4,1
14,50,5,2
14,50,7,3
14,50,11,2
14,50,12,6
14,50,18,7
14,50,14,1
14,50,13,1
14,50,16,1
14,50,50,2
14,14,1,3
14,14,2,2
14,14,11,1
14,14,12,3
14,14,14,1
14,14,18,3
14,15,1,2
14,15,2,1
14,15,3,1
14,15,5,2
14,15,7,2
14,15,11,2
14,15,12,3
14,15,18,12
14,15,15,2
14,15,50,1
14,16,1,8
14,16,2,11
14,16,3,1
14,16,5,1
14,16,6,1
14,16,11,1
14,16,12,8
14,16,16,2
14,16,18,8
14,18,1,59
14,18,2,119
14,18,3,70
14,18,4,19
14,18,5,20
14,18,6,6
14,18,7,148
14,18,8,18
14,18,9,1
14,18,10,1
14,18,11,93
14,18,12,151
14,18,13,25
14,18,14,9
14,18,15,5
14,18,16,8
14,18,50,9
14,18,18,151
14,13,1,8
14,13,2,9
14,13,3,3
14,13,4,3
14,13,5,5
14,13,6,2
14,13,7,1
14,13,11,7
14,13,12,12
14,13,50,2
14,13,13,5
14,13,18,12
15,1,1,16
15,1,2,54
15,1,3,11
15,1,4,2
15,1,5,6
15,1,6,1
15,1,7,12
15,1,9,2
15,1,11,20
15,1,12,75
15,1,50,9
15,1,14,1
15,1,15,6
15,1,16,6
15,1,18,63
15,1,13,5
15,2,1,47
15,2,2,158
15,2,3,45
15,2,4,3
15,2,5,10
15,2,6,4
15,2,7,15
15,2,8,2
15,2,11,94
15,2,12,155
15,2,13,5
15,2,14,4
15,2,15,7
15,2,16,14
15,2,50,11
15,2,18,51
15,3,1,5
15,3,2,50
15,3,3,50
15,3,5,4
15,3,6,1
15,3,7,4
15,3,11,9
15,3,12,36
15,3,50,2
15,3,14,2
15,3,16,4
15,3,18,33
15,4,1,1
15,4,2,4
15,4,50,1
15,4,4,5
15,4,7,3
15,4,8,2
15,4,11,2
15,4,12,11
15,4,13,1
15,4,18,14
15,5,1,7
15,5,2,14
15,5,3,4
15,5,4,2
15,5,5,6
15,5,7,1
15,5,8,2
15,5,9,1
15,5,11,5
15,5,12,19
15,5,13,1
15,5,15,1
15,5,18,37
15,6,1,2
15,6,2,2
15,6,3,1
15,6,6,3
15,6,7,1
15,6,11,1
15,6,12,7
15,6,18,1
15,7,1,9
15,7,2,51
15,7,3,5
15,7,4,3
15,7,5,2
15,7,7,32
15,7,8,1
15,7,9,1
15,7,11,19
15,7,12,32
15,7,18,65
15,7,14,1
15,7,13,3
15,7,16,2
15,7,50,2
15,8,2,6
15,8,5,3
15,8,6,1
15,8,7,3
15,8,8,2
15,8,11,2
15,8,12,2
15,8,18,12
15,9,1,2
15,9,2,1
15,9,12,1
15,9,7,1
15,10,10,1
15,10,18,1
15,11,1,24
15,11,2,46
15,11,3,9
15,11,4,4
15,11,5,26
15,11,6,1
15,11,7,9
15,11,8,2
15,11,12,80
15,11,13,8
15,11,14,1
15,11,15,2
15,11,16,2
15,11,50,1
15,11,18,34
15,12,1,30
15,12,2,128
15,12,3,28
15,12,4,9
15,12,5,35
15,12,6,4
15,12,7,14
15,12,8,1
15,12,9,1
15,12,11,33
15,12,12,126
15,12,50,8
15,12,14,2
15,12,13,6
15,12,16,7
15,12,18,103
15,12,15,3
15,13,1,11
15,13,2,14
15,13,3,3
15,13,4,1
15,13,5,3
15,13,7,2
15,13,8,1
15,13,11,5
15,13,12,20
15,13,13,5
15,13,14,1
15,13,16,1
15,13,18,8
15,14,1,1
15,14,2,3
15,14,3,1
15,14,7,1
15,14,11,1
15,14,12,2
15,14,50,1
15,14,16,1
15,14,18,4
15,15,1,1
15,15,2,3
15,15,3,1
15,15,5,1
15,15,11,1
15,15,12,1
15,15,50,2
15,15,15,2
15,15,16,1
15,15,18,4
15,16,1,5
15,16,2,8
15,16,3,2
15,16,4,1
15,16,5,2
15,16,7,1
15,16,11,2
15,16,12,23
15,16,13,1
15,16,16,3
15,16,18,7
15,50,1,3
15,50,2,7
15,50,3,1
15,50,4,2
15,50,5,1
15,50,7,1
15,50,8,1
15,50,11,1
15,50,12,10
15,50,50,1
15,50,16,1
15,50,18,12
15,18,1,75
15,18,2,180
15,18,3,67
15,18,4,31
15,18,5,31
15,18,6,10
15,18,7,141
15,18,8,30
15,18,9,4
15,18,10,1
15,18,11,97
15,18,12,223
15,18,13,27
15,18,14,9
15,18,15,8
15,18,50,11
15,18,18,152
15,18,16,3
16,1,1,12
16,1,2,72
16,1,3,8
16,1,4,3
16,1,5,5
16,1,6,1
16,1,7,10
16,1,8,3
16,1,11,28
16,1,12,57
16,1,50,7
16,1,14,3
16,1,13,2
16,1,16,1
16,1,18,65
16,1,15,1
16,2,1,50
16,2,2,245
16,2,3,35
16,2,4,2
16,2,5,6
16,2,7,15
16,2,9,1
16,2,11,271
16,2,12,185
16,2,50,15
16,2,14,2
16,2,13,6
16,2,16,9
16,2,18,66
16,2,15,3
16,3,1,4
16,3,2,71
16,3,3,39
16,3,4,1
16,3,5,2
16,3,7,9
16,3,11,24
16,3,12,29
16,3,13,2
16,3,14,2
16,3,15,2
16,3,16,3
16,3,50,1
16,3,18,27
16,4,1,3
16,4,2,9
16,4,4,8
16,4,5,2
16,4,7,3
16,4,11,5
16,4,12,15
16,4,13,1
16,4,14,2
16,4,18,8
16,5,1,6
16,5,2,14
16,5,3,3
16,5,5,9
16,5,7,6
16,5,8,1
16,5,11,6
16,5,12,18
16,5,50,1
16,5,14,1
16,5,16,2
16,5,18,35
16,16,1,8
16,16,2,12
16,16,3,1
16,16,4,2
16,16,5,2
16,16,7,2
16,16,9,1
16,16,11,6
16,16,12,21
16,16,50,1
16,16,16,2
16,16,18,5
16,7,1,6
16,7,2,32
16,7,3,5
16,7,4,2
16,7,7,18
16,7,8,1
16,7,11,18
16,7,12,25
16,7,13,2
16,7,16,4
16,7,18,78
16,8,1,2
16,8,2,9
16,8,5,1
16,8,7,4
16,8,8,2
16,8,11,4
16,8,12,1
16,8,13,1
16,8,18,16
16,9,2,2
16,9,12,2
16,9,18,1
16,9,13,1
16,10,2,1
16,11,1,17
16,11,2,52
16,11,3,17
16,11,5,16
16,11,6,3
16,11,7,11
16,11,11,6
16,11,12,100
16,11,13,14
16,11,14,1
16,11,15,3
16,11,16,4
16,11,50,2
16,11,18,43
16,12,1,51
16,12,2,203
16,12,3,25
16,12,4,7
16,12,5,21
16,12,6,6
16,12,7,19
16,12,8,2
16,12,11,102
16,12,12,144
16,12,13,17
16,12,14,4
16,12,15,3
16,12,16,13
16,12,50,12
16,12,18,115
16,13,1,5
16,13,2,11
16,13,3,3
16,13,7,2
16,13,8,1
16,13,11,8
16,13,12,13
16,13,13,6
16,13,50,1
16,13,18,13
16,14,1,3
16,14,2,1
16,14,3,1
16,14,11,3
16,14,12,5
16,14,14,2
16,14,18,4
16,15,2,6
16,15,9,1
16,15,11,3
16,15,12,4
16,15,14,2
16,15,15,5
16,15,16,1
16,15,18,5
16,50,1,3
16,50,2,10
16,50,5,1
16,50,7,5
16,50,11,9
16,50,12,10
16,50,18,3
16,50,50,5
16,18,1,94
16,18,2,276
16,18,3,94
16,18,4,28
16,18,5,24
16,18,6,5
16,18,7,136
16,18,8,17
16,18,9,4
16,18,10,1
16,18,11,143
16,18,12,235
16,18,13,37
16,18,14,18
16,18,15,12
16,18,50,13
16,18,18,184
16,18,16,15
16,6,1,2
16,6,5,1
16,6,7,1
16,6,11,3
16,6,12,3
16,6,13,1
16,6,18,6
17,1,1,9
17,1,2,46
17,1,3,7
17,1,4,5
17,1,5,6
17,1,6,2
17,1,7,7
17,1,8,2
17,1,11,62
17,1,12,63
17,1,13,4
17,1,14,3
17,1,15,3
17,1,16,4
17,1,50,2
17,1,18,65
17,2,1,43
17,2,2,284
17,2,3,66
17,2,4,1
17,2,5,10
17,2,6,1
17,2,7,6
17,2,8,3
17,2,10,1
17,2,11,488
17,2,12,204
17,2,13,16
17,2,14,6
17,2,15,5
17,2,16,12
17,2,50,17
17,2,18,43
17,3,1,6
17,3,2,57
17,3,3,38
17,3,5,3
17,3,7,8
17,3,11,49
17,3,12,33
17,3,50,3
17,3,14,2
17,3,15,3
17,3,18,27
17,3,13,5
17,4,1,3
17,4,2,11
17,4,4,6
17,4,7,1
17,4,11,10
17,4,12,6
17,4,18,11
17,4,16,1
17,4,50,1
17,5,1,3
17,5,2,8
17,5,3,4
17,5,4,3
17,5,5,6
17,5,7,4
17,5,11,12
17,5,12,11
17,5,13,3
17,5,16,2
17,5,18,13
17,6,18,2
17,6,11,4
17,6,12,2
17,6,2,2
17,7,1,10
17,7,2,55
17,7,3,4
17,7,4,1
17,7,5,1
17,7,7,19
17,7,11,29
17,7,12,31
17,7,18,62
17,7,15,1
17,7,16,1
17,7,50,2
17,8,1,2
17,8,2,3
17,8,5,1
17,8,11,3
17,8,12,3
17,8,13,1
17,8,16,1
17,8,18,8
17,9,2,2
17,9,12,2
17,9,18,1
17,11,16,6
17,11,2,132
17,11,3,37
17,11,4,5
17,11,5,24
17,11,6,10
17,11,7,17
17,11,8,1
17,11,11,11
17,11,12,236
17,11,13,11
17,11,14,4
17,11,15,5
17,11,50,9
17,11,18,60
17,11,1,44
17,12,1,43
17,12,2,184
17,12,3,16
17,12,4,4
17,12,5,9
17,12,6,2
17,12,7,14
17,12,11,194
17,12,12,142
17,12,13,18
17,12,14,2
17,12,15,3
17,12,16,11
17,12,50,4
17,12,18,89
17,13,1,9
17,13,2,19
17,13,3,3
17,13,5,3
17,13,6,2
17,13,11,19
17,13,12,15
17,13,13,7
17,13,14,1
17,13,16,1
17,13,18,17
17,14,2,2
17,14,7,2
17,14,11,4
17,14,12,9
17,14,50,1
17,14,14,2
17,14,16,2
17,14,18,10
17,15,1,3
17,15,2,3
17,15,7,1
17,15,11,4
17,15,12,5
17,15,14,1
17,15,15,6
17,15,18,5
17,16,1,4
17,16,2,17
17,16,3,1
17,16,5,2
17,16,7,1
17,16,11,7
17,16,12,20
17,16,16,3
17,16,18,5
17,50,2,7
17,50,3,3
17,50,11,17
17,50,12,17
17,50,50,1
17,50,14,1
17,50,18,11
17,18,1,85
17,18,2,285
17,18,3,100
17,18,4,25
17,18,5,26
17,18,6,6
17,18,7,130
17,18,8,8
17,18,9,1
17,18,10,1
17,18,11,279
17,18,12,222
17,18,13,39
17,18,14,17
17,18,15,16
17,18,16,8
17,18,50,9
17,18,18,170
18,1,1,15
18,1,2,33
18,1,3,9
18,1,4,2
18,1,6,2
18,1,7,7
18,1,11,39
18,1,12,58
18,1,50,4
18,1,14,4
18,1,15,1
18,1,16,2
18,1,18,21
18,1,13,5
18,2,1,48
18,2,2,182
18,2,3,71
18,2,4,6
18,2,5,9
18,2,6,5
18,2,7,8
18,2,8,1
18,2,11,434
18,2,12,229
18,2,13,23
18,2,14,5
18,2,15,4
18,2,16,17
18,2,50,8
18,2,18,34
18,3,1,10
18,3,2,52
18,3,3,64
18,3,5,1
18,3,6,2
18,3,7,9
18,3,11,51
18,3,12,47
18,3,50,3
18,3,14,2
18,3,16,2
18,3,18,22
18,4,1,2
18,4,2,8
18,4,4,6
18,4,7,2
18,4,11,6
18,4,12,5
18,4,18,7
18,5,1,3
18,5,2,14
18,5,3,3
18,5,5,9
18,5,7,1
18,5,11,5
18,5,12,12
18,5,15,1
18,5,18,14
18,6,1,4
18,6,2,1
18,6,11,2
18,6,12,6
18,6,50,1
18,6,13,2
18,6,18,2
18,7,1,4
18,7,2,38
18,7,3,6
18,7,4,1
18,7,7,10
18,7,11,49
18,7,12,26
18,7,50,2
18,7,15,2
18,7,16,1
18,7,18,45
18,8,1,1
18,8,2,1
18,8,3,1
18,8,7,1
18,8,11,2
18,8,16,1
18,8,18,5
18,9,18,1
18,10,18,1
18,11,1,54
18,11,2,195
18,11,3,107
18,11,4,8
18,11,5,16
18,11,6,14
18,11,7,18
18,11,8,2
18,11,11,14
18,11,12,431
18,11,13,18
18,11,14,4
18,11,15,1
18,11,16,14
18,11,50,14
18,11,18,97
18,12,1,59
18,12,2,138
18,12,3,26
18,12,4,4
18,12,5,16
18,12,6,3
18,12,7,13
18,12,11,198
18,12,12,145
18,12,13,22
18,12,14,10
18,12,15,2
18,12,16,14
18,12,50,3
18,12,18,79
18,18,1,58
18,18,2,197
18,18,3,59
18,18,4,14
18,18,5,21
18,18,16,9
18,18,7,60
18,18,8,3
18,18,9,1
18,18,11,255
18,18,12,187
18,18,13,31
18,18,14,13
18,18,15,10
18,18,50,10
18,18,18,107
18,18,6,8
18,14,1,1
18,14,2,4
18,14,7,1
18,14,11,8
18,14,12,3
18,14,14,3
18,14,15,1
18,14,18,11
18,15,2,4
18,15,3,2
18,15,5,1
18,15,11,4
18,15,12,7
18,15,15,7
18,15,18,9
18,16,1,3
18,16,2,10
18,16,3,1
18,16,6,1
18,16,11,5
18,16,12,21
18,16,13,1
18,16,14,1
18,16,16,6
18,16,18,2
18,50,2,5
18,50,3,4
18,50,7,1
18,50,11,9
18,50,12,13
18,50,13,2
18,50,16,1
18,50,50,2
18,13,1,10
18,13,2,20
18,13,3,1
18,13,5,1
18,13,6,1
18,13,7,3
18,13,11,16
18,13,12,19
18,13,13,5
18,13,16,1
18,13,18,21
19,1,1,37
19,1,2,28
19,1,3,11
19,1,4,2
19,1,5,3
19,1,6,1
19,1,7,1
19,1,11,27
19,1,12,77
19,1,13,2
19,1,14,4
19,1,16,5
19,1,50,2
19,1,18,22
19,2,1,57
19,2,2,133
19,2,3,79
19,2,4,4
19,2,5,6
19,2,6,1
19,2,7,6
19,2,11,189
19,2,12,231
19,2,13,10
19,2,14,2
19,2,15,5
19,2,16,10
19,2,50,8
19,2,18,15
19,3,1,18
19,3,2,44
19,3,3,114
19,3,4,1
19,3,5,6
19,3,7,9
19,3,11,22
19,3,12,89
19,3,50,7
19,3,13,3
19,3,16,1
19,3,18,15
19,4,1,5
19,4,2,6
19,4,3,2
19,4,4,2
19,4,7,1
19,4,11,5
19,4,12,3
19,4,13,1
19,4,18,2
19,5,1,7
19,5,2,9
19,5,3,6
19,5,5,4
19,5,16,1
19,5,11,7
19,5,12,9
19,5,13,1
19,5,50,1
19,5,18,5
19,6,1,6
19,6,2,5
19,6,11,1
19,6,12,7
19,6,13,1
19,6,15,2
19,6,18,3
19,7,1,4
19,7,2,20
19,7,3,4
19,7,4,1
19,7,5,2
19,7,7,12
19,7,11,22
19,7,12,13
19,7,13,1
19,7,14,1
19,7,50,4
19,7,18,23
19,8,1,1
19,8,12,1
19,8,7,2
19,11,1,58
19,11,2,132
19,11,3,120
19,11,4,6
19,11,5,27
19,11,6,6
19,11,7,16
19,11,11,9
19,11,12,310
19,11,13,13
19,11,14,5
19,11,15,3
19,11,16,18
19,11,50,19
19,11,18,68
19,12,1,84
19,12,2,104
19,12,3,99
19,12,4,6
19,12,5,18
19,12,6,5
19,12,7,11
19,12,8,1
19,12,11,95
19,12,12,209
19,12,18,68
19,12,14,9
19,12,15,4
19,12,16,17
19,12,50,20
19,12,13,13
19,50,1,5
19,50,2,8
19,50,3,4
19,50,5,2
19,50,7,1
19,50,11,4
19,50,12,8
19,50,13,2
19,50,18,5
19,14,1,3
19,14,2,4
19,14,3,1
19,14,7,2
19,14,9,1
19,14,11,1
19,14,12,9
19,14,50,1
19,14,14,4
19,14,16,2
19,14,18,6
19,13,1,14
19,13,2,15
19,13,3,7
19,13,4,2
19,13,7,2
19,13,11,6
19,13,12,20
19,13,13,5
19,13,15,1
19,13,16,1
19,13,18,14
19,16,1,8
19,16,2,10
19,16,3,2
19,16,4,2
19,16,5,2
19,16,6,2
19,16,7,1
19,16,11,4
19,16,12,21
19,16,50,1
19,16,13,1
19,16,16,6
19,16,18,3
19,18,1,73
19,18,2,110
19,18,3,75
19,18,4,12
19,18,5,10
19,18,6,2
19,18,7,51
19,18,11,209
19,18,12,133
19,18,50,4
19,18,14,10
19,18,13,21
19,18,16,6
19,18,18,68
19,18,15,6
19,15,2,2
19,15,3,3
19,15,11,2
19,15,12,3
19,15,13,1
19,15,14,1
19,15,15,5
19,15,50,2
19,15,18,4
20,1,1,60
20,1,2,18
20,1,3,11
20,1,5,3
20,1,6,4
20,1,7,1
20,1,11,21
20,1,12,163
20,1,13,1
20,1,14,5
20,1,16,7
20,1,50,8
20,1,18,6
20,2,1,67
20,2,2,64
20,2,3,53
20,2,4,3
20,2,5,8
20,2,6,1
20,2,7,1
20,2,8,1
20,2,10,1
20,2,11,69
20,2,12,211
20,2,13,1
20,2,14,1
20,2,16,10
20,2,50,10
20,2,18,5
20,3,1,54
20,3,2,57
20,3,3,101
20,3,4,1
20,3,5,10
20,3,6,1
20,3,11,9
20,3,12,175
20,3,18,5
20,3,14,1
20,3,13,3
20,3,16,4
20,3,50,6
20,3,15,2
20,4,1,4
20,4,2,2
20,4,4,2
20,4,7,1
20,4,11,1
20,4,12,20
20,4,50,1
20,4,18,8
20,5,1,5
20,5,2,3
20,5,3,8
20,5,5,7
20,5,11,2
20,5,12,32
20,5,15,1
20,5,18,7
20,6,1,5
20,6,18,2
20,6,3,3
20,6,12,6
20,7,1,9
20,7,2,14
20,7,3,12
20,7,4,1
20,7,6,1
20,7,7,5
20,7,11,7
20,7,12,14
20,7,50,2
20,7,14,1
20,7,15,2
20,7,16,1
20,7,18,24
20,7,13,1
20,8,12,1
20,9,12,1
20,11,1,47
20,11,2,51
20,11,3,49
20,11,4,4
20,11,5,17
20,11,6,2
20,11,7,9
20,11,11,4
20,11,12,206
20,11,13,7
20,11,14,3
20,11,15,2
20,11,16,9
20,11,18,37
20,12,1,193
20,12,2,86
20,12,3,84
20,12,4,6
20,12,5,21
20,12,6,9
20,12,7,7
20,12,8,1
20,12,11,42
20,12,12,235
20,12,18,41
20,12,14,5
20,12,13,6
20,12,16,18
20,12,50,14
20,12,15,5
20,13,1,9
20,13,2,5
20,13,3,5
20,13,5,3
20,13,11,4
20,13,12,19
20,13,18,9
20,13,14,1
20,13,13,3
20,13,50,2
20,14,1,8
20,14,2,1
20,14,3,2
20,14,11,6
20,14,12,9
20,14,50,1
20,14,14,3
20,14,16,1
20,14,18,8
20,15,1,5
20,15,2,2
20,15,3,1
20,15,6,1
20,15,11,1
20,15,12,7
20,15,15,1
20,15,16,2
20,15,18,3
20,16,1,8
20,16,2,4
20,16,3,1
20,16,5,2
20,16,11,3
20,16,12,30
20,16,18,3
20,16,15,1
20,16,16,4
20,16,50,1
20,50,1,10
20,50,2,2
20,50,3,3
20,50,4,1
20,50,18,1
20,50,12,21
20,50,13,1
20,50,14,1
20,50,16,2
20,50,50,2
20,18,1,70
20,18,2,83
20,18,3,53
20,18,4,7
20,18,5,15
20,18,6,3
20,18,7,31
20,18,8,2
20,18,11,92
20,18,12,180
20,18,13,15
20,18,14,5
20,18,15,4
20,18,16,5
20,18,50,12
20,18,18,45
21,1,1,108
21,1,2,15
21,1,50,8
21,1,5,6
21,1,7,1
21,1,11,11
21,1,12,191
21,1,13,1
21,1,14,7
21,1,16,5
21,1,18,10
21,1,3,10
21,2,1,57
21,2,2,35
21,2,3,14
21,2,5,9
21,2,6,1
21,2,7,2
21,2,8,1
21,2,11,27
21,2,12,176
21,2,18,9
21,2,14,2
21,2,15,1
21,2,16,2
21,2,50,3
21,3,1,47
21,3,2,30
21,3,3,35
21,3,5,12
21,3,7,4
21,3,8,2
21,3,11,3
21,3,12,144
21,3,18,5
21,3,14,1
21,3,15,2
21,3,16,2
21,3,50,2
21,4,1,8
21,4,2,3
21,4,3,3
21,4,4,1
21,4,5,1
21,4,12,7
21,4,18,2
21,5,1,10
21,5,2,5
21,5,3,1
21,5,5,10
21,5,11,3
21,5,12,25
21,5,50,1
21,5,18,6
21,6,1,4
21,6,50,1
21,6,12,8
21,6,5,1
21,6,6,1
21,7,1,5
21,7,2,9
21,7,3,1
21,7,4,1
21,7,7,1
21,7,11,6
21,7,12,15
21,7,13,1
21,7,16,1
21,7,18,7
21,8,1,1
21,8,2,1
21,8,12,1
21,10,12,1
21,11,1,40
21,11,2,16
21,11,3,14
21,11,4,5
21,11,5,11
21,11,6,2
21,11,7,2
21,11,11,1
21,11,12,100
21,11,50,4
21,11,13,1
21,11,16,1
21,11,18,14
21,12,1,342
21,12,2,57
21,12,3,41
21,12,4,3
21,12,5,22
21,12,6,6
21,12,7,5
21,12,8,1
21,12,11,23
21,12,12,288
21,12,50,9
21,12,14,8
21,12,13,7
21,12,16,19
21,12,18,46
21,12,15,2
21,50,1,6
21,50,2,4
21,50,3,1
21,50,11,1
21,50,12,22
21,50,18,3
21,14,1,7
21,14,2,2
21,14,11,1
21,14,12,6
21,14,14,2
21,14,18,3
21,13,1,9
21,13,2,4
21,13,3,1
21,13,11,3
21,13,12,9
21,13,13,1
21,13,18,7
21,16,1,16
21,16,2,5
21,16,5,2
21,16,7,1
21,16,12,33
21,16,50,3
21,16,16,5
21,16,18,1
21,18,1,85
21,18,2,34
21,18,3,40
21,18,4,10
21,18,5,6
21,18,6,3
21,18,7,12
21,18,8,1
21,18,11,59
21,18,12,169
21,18,13,6
21,18,14,1
21,18,15,1
21,18,16,8
21,18,50,1
21,18,18,28
21,15,1,2
21,15,2,1
21,15,3,1
21,15,7,1
21,15,12,7
21,15,15,3
21,15,18,3
22,1,1,125
22,1,2,12
22,1,3,2
22,1,5,3
22,1,6,2
22,1,11,3
22,1,12,150
22,1,50,2
22,1,14,3
22,1,13,1
22,1,16,6
22,1,18,7
22,2,1,52
22,2,2,14
22,2,3,2
22,2,4,1
22,2,5,5
22,2,6,1
22,2,11,7
22,2,12,66
22,2,18,2
22,2,14,1
22,2,16,4
22,2,50,5
22,3,1,21
22,3,2,8
22,3,3,11
22,3,5,1
22,3,6,1
22,3,7,1
22,3,12,47
22,3,14,1
22,3,16,1
22,3,50,2
22,4,1,3
22,4,18,2
22,4,3,1
22,4,12,5
22,4,50,1
22,5,1,15
22,5,2,2
22,5,3,2
22,5,5,3
22,5,11,2
22,5,12,17
22,5,50,1
22,5,18,7
22,6,16,1
22,6,1,5
22,6,50,1
22,6,12,3
22,7,2,1
22,7,3,1
22,7,5,2
22,7,7,1
22,7,11,1
22,7,12,10
22,7,18,4
22,8,1,1
22,8,12,3
22,8,15,1
22,11,1,17
22,11,2,2
22,11,3,4
22,11,5,3
22,11,11,1
22,11,12,59
22,11,50,3
22,11,15,1
22,11,16,2
22,11,18,12
22,12,1,272
22,12,2,35
22,12,3,5
22,12,5,12
22,12,6,5
22,12,7,3
22,12,11,9
22,12,12,144
22,12,18,26
22,12,14,3
22,12,13,4
22,12,16,6
22,12,50,9
22,12,15,2
22,50,1,7
22,50,18,1
22,50,3,2
22,50,12,10
22,50,50,1
22,14,1,5
22,14,12,3
22,14,5,2
22,15,1,3
22,15,18,2
22,15,12,2
22,15,15,1
22,16,1,13
22,16,2,1
22,16,3,1
22,16,5,1
22,16,12,18
22,16,14,1
22,16,16,1
22,16,50,2
22,18,1,75
22,18,2,11
22,18,3,18
22,18,4,3
22,18,5,5
22,18,6,2
22,18,7,6
22,18,11,18
22,18,12,96
22,18,50,1
22,18,14,2
22,18,13,2
22,18,16,4
22,18,18,30
22,13,1,1
22,13,18,3
22,13,2,4
22,13,12,6
22,13,13,1
